{"cameraMode":{"drawMode":0,"name":"Shaded","section":"Shading Mode"},"sceneLighting":true,"audioPlay":false,"sceneViewState":{"m_AlwaysRefresh":false,"showFog":true,"showSkybox":true,"showFlares":true,"showImageEffects":true,"showParticleSystems":true,"showVisualEffectGraphs":true,"m_FxEnabled":true},"in2DMode":false,"pivot":{"x":266.51483154296877,"y":249.43487548828126,"z":-28.994766235351564},"rotation":{"x":-0.18724840879440309,"y":0.0976562574505806,"z":-0.01871134713292122,"w":-0.9772670269012451},"size":232.44525146484376,"orthographic":false}